--------------------------------------------------------
--  File created - Tuesday-June-11-2019   
--------------------------------------------------------
--------------------------------------------------------
--  DDL for Table APP_ROLE
--------------------------------------------------------

  CREATE TABLE "DISERTATIE"."APP_ROLE" 
   (	"ROLE_ID" NUMBER(19,0), 
	"ROLE_NAME" VARCHAR2(30 BYTE)
   ) SEGMENT CREATION IMMEDIATE 
  PCTFREE 10 PCTUSED 40 INITRANS 1 MAXTRANS 255 NOCOMPRESS LOGGING
  STORAGE(INITIAL 65536 NEXT 1048576 MINEXTENTS 1 MAXEXTENTS 2147483645
  PCTINCREASE 0 FREELISTS 1 FREELIST GROUPS 1 BUFFER_POOL DEFAULT FLASH_CACHE DEFAULT CELL_FLASH_CACHE DEFAULT)
  TABLESPACE "USERS" ;
--------------------------------------------------------
--  DDL for Table APP_USER
--------------------------------------------------------

  CREATE TABLE "DISERTATIE"."APP_USER" 
   (	"ID" NUMBER(19,0), 
	"USER_NAME" VARCHAR2(36 BYTE), 
	"PASSWORD" VARCHAR2(128 BYTE), 
	"ENABLED" NUMBER(1,0), 
	"CREATED" DATE, 
	"MODIFIED" DATE
   ) SEGMENT CREATION IMMEDIATE 
  PCTFREE 10 PCTUSED 40 INITRANS 1 MAXTRANS 255 NOCOMPRESS LOGGING
  STORAGE(INITIAL 65536 NEXT 1048576 MINEXTENTS 1 MAXEXTENTS 2147483645
  PCTINCREASE 0 FREELISTS 1 FREELIST GROUPS 1 BUFFER_POOL DEFAULT FLASH_CACHE DEFAULT CELL_FLASH_CACHE DEFAULT)
  TABLESPACE "USERS" ;
--------------------------------------------------------
--  DDL for Table DEPT
--------------------------------------------------------

  CREATE TABLE "DISERTATIE"."DEPT" 
   (	"ID" NUMBER(3,0), 
	"NUME_DEPT" VARCHAR2(30 BYTE)
   ) SEGMENT CREATION IMMEDIATE 
  PCTFREE 10 PCTUSED 40 INITRANS 1 MAXTRANS 255 NOCOMPRESS LOGGING
  STORAGE(INITIAL 65536 NEXT 1048576 MINEXTENTS 1 MAXEXTENTS 2147483645
  PCTINCREASE 0 FREELISTS 1 FREELIST GROUPS 1 BUFFER_POOL DEFAULT FLASH_CACHE DEFAULT CELL_FLASH_CACHE DEFAULT)
  TABLESPACE "USERS" ;
--------------------------------------------------------
--  DDL for Table DEPT_MANAGER
--------------------------------------------------------

  CREATE TABLE "DISERTATIE"."DEPT_MANAGER" 
   (	"DEPT_ID" NUMBER(3,0), 
	"MANAGER_ID" NUMBER(19,0)
   ) SEGMENT CREATION IMMEDIATE 
  PCTFREE 10 PCTUSED 40 INITRANS 1 MAXTRANS 255 NOCOMPRESS LOGGING
  STORAGE(INITIAL 65536 NEXT 1048576 MINEXTENTS 1 MAXEXTENTS 2147483645
  PCTINCREASE 0 FREELISTS 1 FREELIST GROUPS 1 BUFFER_POOL DEFAULT FLASH_CACHE DEFAULT CELL_FLASH_CACHE DEFAULT)
  TABLESPACE "USERS" ;
--------------------------------------------------------
--  DDL for Table DIC_PERSO
--------------------------------------------------------

  CREATE TABLE "DISERTATIE"."DIC_PERSO" 
   (	"USER_ID" NUMBER(19,0), 
	"NUME" VARCHAR2(50 BYTE), 
	"PRENUME" VARCHAR2(50 BYTE), 
	"CREATED" DATE, 
	"MODIFIED" DATE, 
	"EMAIL" VARCHAR2(50 BYTE), 
	"DEPT" NUMBER(2,0), 
	"PHONE" VARCHAR2(20 BYTE), 
	"ADRESS" VARCHAR2(100 BYTE)
   ) SEGMENT CREATION IMMEDIATE 
  PCTFREE 10 PCTUSED 40 INITRANS 1 MAXTRANS 255 NOCOMPRESS LOGGING
  STORAGE(INITIAL 65536 NEXT 1048576 MINEXTENTS 1 MAXEXTENTS 2147483645
  PCTINCREASE 0 FREELISTS 1 FREELIST GROUPS 1 BUFFER_POOL DEFAULT FLASH_CACHE DEFAULT CELL_FLASH_CACHE DEFAULT)
  TABLESPACE "USERS" ;
--------------------------------------------------------
--  DDL for Table DIC_TASK
--------------------------------------------------------

  CREATE TABLE "DISERTATIE"."DIC_TASK" 
   (	"ID" NUMBER(10,0), 
	"USER_ID" NUMBER(10,0), 
	"TITLE" VARCHAR2(100 BYTE), 
	"DEADLINE" DATE, 
	"PRIORITY" NUMBER(2,0), 
	"DESCRIPTION" VARCHAR2(300 BYTE), 
	"DIFFICULTY" NUMBER(2,0), 
	"CREATED" DATE, 
	"MODIFIED" DATE, 
	"STATUS" NUMBER(2,0), 
	"DELAY" NUMBER(2,0), 
	"END_DATE" DATE, 
	"TASK_ITERATION" NUMBER(10,0), 
	"POINTS" NUMBER(4,0)
   ) SEGMENT CREATION IMMEDIATE 
  PCTFREE 10 PCTUSED 40 INITRANS 1 MAXTRANS 255 NOCOMPRESS LOGGING
  STORAGE(INITIAL 65536 NEXT 1048576 MINEXTENTS 1 MAXEXTENTS 2147483645
  PCTINCREASE 0 FREELISTS 1 FREELIST GROUPS 1 BUFFER_POOL DEFAULT FLASH_CACHE DEFAULT CELL_FLASH_CACHE DEFAULT)
  TABLESPACE "USERS" ;
--------------------------------------------------------
--  DDL for Table DIC_TASK_COMMENT
--------------------------------------------------------

  CREATE TABLE "DISERTATIE"."DIC_TASK_COMMENT" 
   (	"ID" NUMBER(10,0), 
	"TASK_ID" NUMBER(10,0), 
	"USER_ID" NUMBER(10,0), 
	"TASK_COMMENT" VARCHAR2(300 BYTE), 
	"CREATED" DATE
   ) SEGMENT CREATION IMMEDIATE 
  PCTFREE 10 PCTUSED 40 INITRANS 1 MAXTRANS 255 NOCOMPRESS LOGGING
  STORAGE(INITIAL 65536 NEXT 1048576 MINEXTENTS 1 MAXEXTENTS 2147483645
  PCTINCREASE 0 FREELISTS 1 FREELIST GROUPS 1 BUFFER_POOL DEFAULT FLASH_CACHE DEFAULT CELL_FLASH_CACHE DEFAULT)
  TABLESPACE "USERS" ;
--------------------------------------------------------
--  DDL for Table DIC_TASK_ITERATION
--------------------------------------------------------

  CREATE TABLE "DISERTATIE"."DIC_TASK_ITERATION" 
   (	"ID" NUMBER(10,0), 
	"START_DATE" DATE, 
	"END_DATE" DATE
   ) SEGMENT CREATION IMMEDIATE 
  PCTFREE 10 PCTUSED 40 INITRANS 1 MAXTRANS 255 NOCOMPRESS LOGGING
  STORAGE(INITIAL 65536 NEXT 1048576 MINEXTENTS 1 MAXEXTENTS 2147483645
  PCTINCREASE 0 FREELISTS 1 FREELIST GROUPS 1 BUFFER_POOL DEFAULT FLASH_CACHE DEFAULT CELL_FLASH_CACHE DEFAULT)
  TABLESPACE "USERS" ;
--------------------------------------------------------
--  DDL for Table DIC_USER_LEVEL
--------------------------------------------------------

  CREATE TABLE "DISERTATIE"."DIC_USER_LEVEL" 
   (	"PERSO_USER_ID" NUMBER(19,0), 
	"LEVEL_ID" NUMBER(2,0), 
	"TOTAL_POINTS" NUMBER(6,0), 
	"PERCENTAGE_LEVEL" NUMBER(3,0), 
	"CREATED" DATE, 
	"MODIFIED" DATE
   ) SEGMENT CREATION IMMEDIATE 
  PCTFREE 10 PCTUSED 40 INITRANS 1 MAXTRANS 255 NOCOMPRESS LOGGING
  STORAGE(INITIAL 65536 NEXT 1048576 MINEXTENTS 1 MAXEXTENTS 2147483645
  PCTINCREASE 0 FREELISTS 1 FREELIST GROUPS 1 BUFFER_POOL DEFAULT FLASH_CACHE DEFAULT CELL_FLASH_CACHE DEFAULT)
  TABLESPACE "USERS" ;
--------------------------------------------------------
--  DDL for Table HT_DEPT
--------------------------------------------------------

  CREATE GLOBAL TEMPORARY TABLE "DISERTATIE"."HT_DEPT" 
   (	"ID" NUMBER(19,0)
   ) ON COMMIT DELETE ROWS ;
--------------------------------------------------------
--  DDL for Table REF_DIFFICULTY
--------------------------------------------------------

  CREATE TABLE "DISERTATIE"."REF_DIFFICULTY" 
   (	"ID" NUMBER(2,0), 
	"NAME" VARCHAR2(32 BYTE), 
	"QUOTE" NUMBER(3,0)
   ) SEGMENT CREATION IMMEDIATE 
  PCTFREE 10 PCTUSED 40 INITRANS 1 MAXTRANS 255 NOCOMPRESS LOGGING
  STORAGE(INITIAL 65536 NEXT 1048576 MINEXTENTS 1 MAXEXTENTS 2147483645
  PCTINCREASE 0 FREELISTS 1 FREELIST GROUPS 1 BUFFER_POOL DEFAULT FLASH_CACHE DEFAULT CELL_FLASH_CACHE DEFAULT)
  TABLESPACE "USERS" ;
--------------------------------------------------------
--  DDL for Table REF_LEVEL
--------------------------------------------------------

  CREATE TABLE "DISERTATIE"."REF_LEVEL" 
   (	"LEVEL_ID" NUMBER(2,0), 
	"TOTAL_POINTS" NUMBER(6,0), 
	"POINTS_FOR_NEW_LEVEL" NUMBER(6,0), 
	"WEIGHT" NUMBER(3,2)
   ) SEGMENT CREATION IMMEDIATE 
  PCTFREE 10 PCTUSED 40 INITRANS 1 MAXTRANS 255 NOCOMPRESS LOGGING
  STORAGE(INITIAL 65536 NEXT 1048576 MINEXTENTS 1 MAXEXTENTS 2147483645
  PCTINCREASE 0 FREELISTS 1 FREELIST GROUPS 1 BUFFER_POOL DEFAULT FLASH_CACHE DEFAULT CELL_FLASH_CACHE DEFAULT)
  TABLESPACE "USERS" ;
--------------------------------------------------------
--  DDL for Table REF_PRIORITY
--------------------------------------------------------

  CREATE TABLE "DISERTATIE"."REF_PRIORITY" 
   (	"ID" NUMBER(2,0), 
	"NAME" VARCHAR2(32 BYTE)
   ) SEGMENT CREATION IMMEDIATE 
  PCTFREE 10 PCTUSED 40 INITRANS 1 MAXTRANS 255 NOCOMPRESS LOGGING
  STORAGE(INITIAL 65536 NEXT 1048576 MINEXTENTS 1 MAXEXTENTS 2147483645
  PCTINCREASE 0 FREELISTS 1 FREELIST GROUPS 1 BUFFER_POOL DEFAULT FLASH_CACHE DEFAULT CELL_FLASH_CACHE DEFAULT)
  TABLESPACE "USERS" ;
--------------------------------------------------------
--  DDL for Table REF_TASK_END
--------------------------------------------------------

  CREATE TABLE "DISERTATIE"."REF_TASK_END" 
   (	"ID" NUMBER(2,0), 
	"NAME" VARCHAR2(32 BYTE), 
	"WEIGHT" NUMBER(3,2), 
	"MIN_DAYS" NUMBER(3,0), 
	"MAX_DAYS" NUMBER(3,0)
   ) SEGMENT CREATION IMMEDIATE 
  PCTFREE 10 PCTUSED 40 INITRANS 1 MAXTRANS 255 NOCOMPRESS LOGGING
  STORAGE(INITIAL 65536 NEXT 1048576 MINEXTENTS 1 MAXEXTENTS 2147483645
  PCTINCREASE 0 FREELISTS 1 FREELIST GROUPS 1 BUFFER_POOL DEFAULT FLASH_CACHE DEFAULT CELL_FLASH_CACHE DEFAULT)
  TABLESPACE "USERS" ;
--------------------------------------------------------
--  DDL for Table REF_TASK_STATUS
--------------------------------------------------------

  CREATE TABLE "DISERTATIE"."REF_TASK_STATUS" 
   (	"ID" NUMBER(2,0), 
	"NAME" VARCHAR2(32 BYTE)
   ) SEGMENT CREATION IMMEDIATE 
  PCTFREE 10 PCTUSED 40 INITRANS 1 MAXTRANS 255 NOCOMPRESS LOGGING
  STORAGE(INITIAL 65536 NEXT 1048576 MINEXTENTS 1 MAXEXTENTS 2147483645
  PCTINCREASE 0 FREELISTS 1 FREELIST GROUPS 1 BUFFER_POOL DEFAULT FLASH_CACHE DEFAULT CELL_FLASH_CACHE DEFAULT)
  TABLESPACE "USERS" ;
--------------------------------------------------------
--  DDL for Table USER_ROLE
--------------------------------------------------------

  CREATE TABLE "DISERTATIE"."USER_ROLE" 
   (	"USER_ID" NUMBER(19,0), 
	"ROLE_ID" NUMBER(19,0)
   ) SEGMENT CREATION IMMEDIATE 
  PCTFREE 10 PCTUSED 40 INITRANS 1 MAXTRANS 255 NOCOMPRESS LOGGING
  STORAGE(INITIAL 65536 NEXT 1048576 MINEXTENTS 1 MAXEXTENTS 2147483645
  PCTINCREASE 0 FREELISTS 1 FREELIST GROUPS 1 BUFFER_POOL DEFAULT FLASH_CACHE DEFAULT CELL_FLASH_CACHE DEFAULT)
  TABLESPACE "USERS" ;
REM INSERTING into DISERTATIE.APP_ROLE
SET DEFINE OFF;
Insert into DISERTATIE.APP_ROLE (ROLE_ID,ROLE_NAME) values (1,'ROLE_MANAGER');
Insert into DISERTATIE.APP_ROLE (ROLE_ID,ROLE_NAME) values (2,'ROLE_USER');
REM INSERTING into DISERTATIE.APP_USER
SET DEFINE OFF;
Insert into DISERTATIE.APP_USER (ID,USER_NAME,PASSWORD,ENABLED,CREATED,MODIFIED) values (7,'petcubarbu','$2a$10$O9glO8.MpQEcpBxS9Wdc8eIEOhiedErlBDP1zUTeQ1RkQFBwxrKUC',0,null,to_date('25-AUG-18','DD-MON-RR'));
Insert into DISERTATIE.APP_USER (ID,USER_NAME,PASSWORD,ENABLED,CREATED,MODIFIED) values (8,'testDept','$2a$10$oaVY3G7svB5cnjGTW9643OP8oAJMZ1e9QIel8VFDQ5t6MLMcj8AiC',0,to_date('19-AUG-18','DD-MON-RR'),to_date('19-AUG-18','DD-MON-RR'));
Insert into DISERTATIE.APP_USER (ID,USER_NAME,PASSWORD,ENABLED,CREATED,MODIFIED) values (91,'flag.test','$2a$10$Aphg3hFpfqILVkU/HtRl0er3EPv/qf50ZT4J4rDDDUUXdMz0wRlVW',1,to_date('04-SEP-18','DD-MON-RR'),to_date('04-SEP-18','DD-MON-RR'));
Insert into DISERTATIE.APP_USER (ID,USER_NAME,PASSWORD,ENABLED,CREATED,MODIFIED) values (94,'level.test','$2a$10$PfC/cTymwyGwi7JMbk3BTuSynACvDwkYafnLy/aMrobESUbMb45mO',1,to_date('04-SEP-18','DD-MON-RR'),to_date('09-MAR-19','DD-MON-RR'));
Insert into DISERTATIE.APP_USER (ID,USER_NAME,PASSWORD,ENABLED,CREATED,MODIFIED) values (95,'test.nivel','$2a$10$VP43.UNme6Yva6lusbGzOeUQqZNrdS3y1KqelJ6FtIsuWvYKMo5vu',1,to_date('04-SEP-18','DD-MON-RR'),to_date('09-MAR-19','DD-MON-RR'));
Insert into DISERTATIE.APP_USER (ID,USER_NAME,PASSWORD,ENABLED,CREATED,MODIFIED) values (105,'lavinia.stoian','$2a$10$bXk46AoCf7Dkb4xRnTWO8.mbPK0RwlR/Y4NK9lN6MeeuofbkBQrGS',1,to_date('12-SEP-18','DD-MON-RR'),to_date('12-SEP-18','DD-MON-RR'));
Insert into DISERTATIE.APP_USER (ID,USER_NAME,PASSWORD,ENABLED,CREATED,MODIFIED) values (1,'barbu.petcu','$2a$10$nyWdcZYL81CndNEiW2BYr.WBtk3IFx1F4UHf692xVInBoPH6juymO',1,to_date('01-AUG-18','DD-MON-RR'),to_date('29-AUG-18','DD-MON-RR'));
Insert into DISERTATIE.APP_USER (ID,USER_NAME,PASSWORD,ENABLED,CREATED,MODIFIED) values (6,'alexandra.pirvu','$2a$10$zKuXv69XfQ9Rmb8WUotlMOyzi2.TWvMKIyUbiad7rt6/IVRHMD2X2',1,null,to_date('25-AUG-18','DD-MON-RR'));
Insert into DISERTATIE.APP_USER (ID,USER_NAME,PASSWORD,ENABLED,CREATED,MODIFIED) values (90,'gabriela.pirvu','$2a$10$XU0JUHzh0Cng1WilFA1zquQhElamV9zbgI918evsIBueYkeZxjtJu',0,to_date('03-SEP-18','DD-MON-RR'),to_date('03-SEP-18','DD-MON-RR'));
Insert into DISERTATIE.APP_USER (ID,USER_NAME,PASSWORD,ENABLED,CREATED,MODIFIED) values (106,'mirela.urse','$2a$10$UyeHHBI8KFl4ceDrk45mTe7pOcRbswjaoC8nbOuX8YiP6zHS8bJKO',1,to_date('12-SEP-18','DD-MON-RR'),to_date('12-SEP-18','DD-MON-RR'));
Insert into DISERTATIE.APP_USER (ID,USER_NAME,PASSWORD,ENABLED,CREATED,MODIFIED) values (107,'andrei.vasilescu','$2a$10$sORru64TI2DtOJLQp0e9MObuo1D3KIwgYaAOrTXCOxnHLUny3pekm',1,to_date('12-SEP-18','DD-MON-RR'),to_date('12-SEP-18','DD-MON-RR'));
Insert into DISERTATIE.APP_USER (ID,USER_NAME,PASSWORD,ENABLED,CREATED,MODIFIED) values (108,'andrei.matache','$2a$10$8iJmo6ScCaWJA/Abz/aTl.MVztIkv7yLAYxFgQEzKSoosdsYFO33m',1,to_date('12-SEP-18','DD-MON-RR'),to_date('12-SEP-18','DD-MON-RR'));
Insert into DISERTATIE.APP_USER (ID,USER_NAME,PASSWORD,ENABLED,CREATED,MODIFIED) values (26,'mariana.popescu','$2a$10$1P9m2K4xQEcTu4coJ3HgSOduZidwYgaQi8lRotY1qwOdkGNPQS8Ra',1,to_date('22-AUG-18','DD-MON-RR'),to_date('22-AUG-18','DD-MON-RR'));
Insert into DISERTATIE.APP_USER (ID,USER_NAME,PASSWORD,ENABLED,CREATED,MODIFIED) values (46,'popescu.adrian','$2a$10$TBJN5LLwvlyZTqm.iVomheTbGtFvf798reH1w7z7cbdMhwajAIJ5i',1,null,to_date('24-AUG-18','DD-MON-RR'));
Insert into DISERTATIE.APP_USER (ID,USER_NAME,PASSWORD,ENABLED,CREATED,MODIFIED) values (47,'gigel.popa','$2a$10$xYOUhGEwcumcI3LYF/m47u5TCduhTb4iF9BE9Yz4YzgFumcDUIvq.',0,to_date('24-AUG-18','DD-MON-RR'),to_date('24-AUG-18','DD-MON-RR'));
Insert into DISERTATIE.APP_USER (ID,USER_NAME,PASSWORD,ENABLED,CREATED,MODIFIED) values (125,'marga.popa','$2a$10$QVzQtyBMWTHnf0/8cEvPzeEEBdmECa5M1iIziUsvulMHEHm.hDx/.',0,to_date('26-MAY-19','DD-MON-RR'),to_date('26-MAY-19','DD-MON-RR'));
Insert into DISERTATIE.APP_USER (ID,USER_NAME,PASSWORD,ENABLED,CREATED,MODIFIED) values (-3,'asd','$2a$10$spnHtnqHiPRZc26le4BWpexLrXNr/fmW4dGf6QlwXyXmKfTEKcSHG',0,to_date('13-AUG-18','DD-MON-RR'),to_date('13-AUG-18','DD-MON-RR'));
REM INSERTING into DISERTATIE.DEPT
SET DEFINE OFF;
Insert into DISERTATIE.DEPT (ID,NUME_DEPT) values (1,'Implementare');
Insert into DISERTATIE.DEPT (ID,NUME_DEPT) values (2,'Serviciu Clienti');
Insert into DISERTATIE.DEPT (ID,NUME_DEPT) values (3,'Testare');
Insert into DISERTATIE.DEPT (ID,NUME_DEPT) values (4,'Data Migration');
REM INSERTING into DISERTATIE.DEPT_MANAGER
SET DEFINE OFF;
Insert into DISERTATIE.DEPT_MANAGER (DEPT_ID,MANAGER_ID) values (1,6);
Insert into DISERTATIE.DEPT_MANAGER (DEPT_ID,MANAGER_ID) values (2,1);
Insert into DISERTATIE.DEPT_MANAGER (DEPT_ID,MANAGER_ID) values (3,6);
Insert into DISERTATIE.DEPT_MANAGER (DEPT_ID,MANAGER_ID) values (4,1);
REM INSERTING into DISERTATIE.DIC_PERSO
SET DEFINE OFF;
Insert into DISERTATIE.DIC_PERSO (USER_ID,NUME,PRENUME,CREATED,MODIFIED,EMAIL,DEPT,PHONE,ADRESS) values (7,'Anghel','Andrei',null,to_date('25-AUG-18','DD-MON-RR'),'test',1,null,null);
Insert into DISERTATIE.DIC_PERSO (USER_ID,NUME,PRENUME,CREATED,MODIFIED,EMAIL,DEPT,PHONE,ADRESS) values (8,'Test','departament',to_date('19-AUG-18','DD-MON-RR'),to_date('19-AUG-18','DD-MON-RR'),'testDept@gmail.com',4,null,null);
Insert into DISERTATIE.DIC_PERSO (USER_ID,NUME,PRENUME,CREATED,MODIFIED,EMAIL,DEPT,PHONE,ADRESS) values (91,'Lupascu','Liviu',to_date('04-SEP-18','DD-MON-RR'),to_date('04-SEP-18','DD-MON-RR'),'flag.test@gmail.com',1,null,null);
Insert into DISERTATIE.DIC_PERSO (USER_ID,NUME,PRENUME,CREATED,MODIFIED,EMAIL,DEPT,PHONE,ADRESS) values (94,'Matache','Andrei',to_date('04-SEP-18','DD-MON-RR'),to_date('09-MAR-19','DD-MON-RR'),'level.test@gmail.com',1,null,null);
Insert into DISERTATIE.DIC_PERSO (USER_ID,NUME,PRENUME,CREATED,MODIFIED,EMAIL,DEPT,PHONE,ADRESS) values (95,'Stoica','Roxana',to_date('04-SEP-18','DD-MON-RR'),to_date('09-MAR-19','DD-MON-RR'),'test.nivel@gmail.com',1,null,null);
Insert into DISERTATIE.DIC_PERSO (USER_ID,NUME,PRENUME,CREATED,MODIFIED,EMAIL,DEPT,PHONE,ADRESS) values (105,'Stoian','Lavinia',to_date('12-SEP-18','DD-MON-RR'),to_date('12-SEP-18','DD-MON-RR'),'lavinia.stoian@gmail.com',2,null,null);
Insert into DISERTATIE.DIC_PERSO (USER_ID,NUME,PRENUME,CREATED,MODIFIED,EMAIL,DEPT,PHONE,ADRESS) values (1,'Petcu','Bobby',to_date('01-AUG-18','DD-MON-RR'),to_date('29-AUG-18','DD-MON-RR'),'barbu.petcu@gmail.com',1,'0761560969','Aleea Eprubetei, nr 21-23, sc B, ap B12');
Insert into DISERTATIE.DIC_PERSO (USER_ID,NUME,PRENUME,CREATED,MODIFIED,EMAIL,DEPT,PHONE,ADRESS) values (6,'Pirvu','Alexandra',null,to_date('25-AUG-18','DD-MON-RR'),'alexandra.pirvu@adp.com',1,null,null);
Insert into DISERTATIE.DIC_PERSO (USER_ID,NUME,PRENUME,CREATED,MODIFIED,EMAIL,DEPT,PHONE,ADRESS) values (90,'Pirvu','Gabriela',to_date('03-SEP-18','DD-MON-RR'),to_date('03-SEP-18','DD-MON-RR'),'gabriela.pirvu.gmail.com',1,null,null);
Insert into DISERTATIE.DIC_PERSO (USER_ID,NUME,PRENUME,CREATED,MODIFIED,EMAIL,DEPT,PHONE,ADRESS) values (106,'Urse','Mirela',to_date('12-SEP-18','DD-MON-RR'),to_date('12-SEP-18','DD-MON-RR'),'mirela.urse@gmail.com',2,null,null);
Insert into DISERTATIE.DIC_PERSO (USER_ID,NUME,PRENUME,CREATED,MODIFIED,EMAIL,DEPT,PHONE,ADRESS) values (107,'Vasilescu','Andrei',to_date('12-SEP-18','DD-MON-RR'),to_date('12-SEP-18','DD-MON-RR'),'andrei.vasilescu@gmail.com',2,null,null);
Insert into DISERTATIE.DIC_PERSO (USER_ID,NUME,PRENUME,CREATED,MODIFIED,EMAIL,DEPT,PHONE,ADRESS) values (108,'Matache','Andrei',to_date('12-SEP-18','DD-MON-RR'),to_date('12-SEP-18','DD-MON-RR'),'andrei.matache@gmail.com',1,null,null);
Insert into DISERTATIE.DIC_PERSO (USER_ID,NUME,PRENUME,CREATED,MODIFIED,EMAIL,DEPT,PHONE,ADRESS) values (26,'Popescu','Mariana',to_date('22-AUG-18','DD-MON-RR'),to_date('22-AUG-18','DD-MON-RR'),'mariana.popescu@gmail.com',1,null,null);
Insert into DISERTATIE.DIC_PERSO (USER_ID,NUME,PRENUME,CREATED,MODIFIED,EMAIL,DEPT,PHONE,ADRESS) values (46,'Popescu','Alexandru',null,to_date('24-AUG-18','DD-MON-RR'),'popescu.adrian',1,'0761560969','Aleea Eprubetei, nr 21-23, sc B, ap B13');
Insert into DISERTATIE.DIC_PERSO (USER_ID,NUME,PRENUME,CREATED,MODIFIED,EMAIL,DEPT,PHONE,ADRESS) values (47,'Popa','Gigel',to_date('24-AUG-18','DD-MON-RR'),to_date('24-AUG-18','DD-MON-RR'),'gigel.popa@gmail.com',2,null,null);
Insert into DISERTATIE.DIC_PERSO (USER_ID,NUME,PRENUME,CREATED,MODIFIED,EMAIL,DEPT,PHONE,ADRESS) values (125,'Popa','Marga',to_date('26-MAY-19','DD-MON-RR'),to_date('26-MAY-19','DD-MON-RR'),'marga.popa@gmail.com',1,null,null);
Insert into DISERTATIE.DIC_PERSO (USER_ID,NUME,PRENUME,CREATED,MODIFIED,EMAIL,DEPT,PHONE,ADRESS) values (-3,'asdf','asf',to_date('13-AUG-18','DD-MON-RR'),to_date('13-AUG-18','DD-MON-RR'),null,null,null,null);
REM INSERTING into DISERTATIE.DIC_TASK
SET DEFINE OFF;
Insert into DISERTATIE.DIC_TASK (ID,USER_ID,TITLE,DEADLINE,PRIORITY,DESCRIPTION,DIFFICULTY,CREATED,MODIFIED,STATUS,DELAY,END_DATE,TASK_ITERATION,POINTS) values (1,95,'Creare ecran',to_date('05-JUN-19','DD-MON-RR'),3,'Creare ecran conform cerintelor livrate pe email. El va fi afisat in meniul Plati.',1,to_date('03-SEP-18','DD-MON-RR'),to_date('24-MAY-19','DD-MON-RR'),2,null,null,23,null);
Insert into DISERTATIE.DIC_TASK (ID,USER_ID,TITLE,DEADLINE,PRIORITY,DESCRIPTION,DIFFICULTY,CREATED,MODIFIED,STATUS,DELAY,END_DATE,TASK_ITERATION,POINTS) values (2,46,'Adaugare buton ecran home',to_date('03-SEP-18','DD-MON-RR'),3,'Va rog sa adaugati butonul de interogare fisiere utilizatori in ecranul Home',3,to_date('03-SEP-18','DD-MON-RR'),to_date('11-SEP-18','DD-MON-RR'),4,4,to_date('11-SEP-18','DD-MON-RR'),1,90);
Insert into DISERTATIE.DIC_TASK (ID,USER_ID,TITLE,DEADLINE,PRIORITY,DESCRIPTION,DIFFICULTY,CREATED,MODIFIED,STATUS,DELAY,END_DATE,TASK_ITERATION,POINTS) values (3,46,'test textarea',to_date('05-SEP-18','DD-MON-RR'),3,'saf',2,to_date('03-SEP-18','DD-MON-RR'),to_date('06-MAY-19','DD-MON-RR'),4,4,to_date('06-MAY-19','DD-MON-RR'),5,72);
Insert into DISERTATIE.DIC_TASK (ID,USER_ID,TITLE,DEADLINE,PRIORITY,DESCRIPTION,DIFFICULTY,CREATED,MODIFIED,STATUS,DELAY,END_DATE,TASK_ITERATION,POINTS) values (4,46,'Creare useri',to_date('13-JUN-19','DD-MON-RR'),2,'Crearea userilor pentru utlizarea aplicatiei',2,to_date('03-SEP-18','DD-MON-RR'),to_date('24-MAY-19','DD-MON-RR'),2,null,to_date('11-SEP-18','DD-MON-RR'),23,115);
Insert into DISERTATIE.DIC_TASK (ID,USER_ID,TITLE,DEADLINE,PRIORITY,DESCRIPTION,DIFFICULTY,CREATED,MODIFIED,STATUS,DELAY,END_DATE,TASK_ITERATION,POINTS) values (5,46,'Testare ecran',to_date('10-JUN-19','DD-MON-RR'),3,'testarea functionalitatilor ecranului conform listei de cerinte',3,to_date('03-SEP-18','DD-MON-RR'),to_date('24-MAY-19','DD-MON-RR'),2,null,to_date('05-SEP-18','DD-MON-RR'),23,115);
Insert into DISERTATIE.DIC_TASK (ID,USER_ID,TITLE,DEADLINE,PRIORITY,DESCRIPTION,DIFFICULTY,CREATED,MODIFIED,STATUS,DELAY,END_DATE,TASK_ITERATION,POINTS) values (6,46,'Test task',to_date('02-SEP-18','DD-MON-RR'),3,'asfdasf',2,to_date('03-SEP-18','DD-MON-RR'),to_date('26-MAY-19','DD-MON-RR'),3,null,null,5,null);
Insert into DISERTATIE.DIC_TASK (ID,USER_ID,TITLE,DEADLINE,PRIORITY,DESCRIPTION,DIFFICULTY,CREATED,MODIFIED,STATUS,DELAY,END_DATE,TASK_ITERATION,POINTS) values (7,1,'Anomalie meniu',to_date('27-SEP-18','DD-MON-RR'),2,'In meniu nu sunt afisate toate optiunile disponibile',1,to_date('03-SEP-18','DD-MON-RR'),to_date('05-SEP-18','DD-MON-RR'),4,1,to_date('05-SEP-18','DD-MON-RR'),1,72);
Insert into DISERTATIE.DIC_TASK (ID,USER_ID,TITLE,DEADLINE,PRIORITY,DESCRIPTION,DIFFICULTY,CREATED,MODIFIED,STATUS,DELAY,END_DATE,TASK_ITERATION,POINTS) values (11,46,'Eroare workflow',to_date('09-SEP-18','DD-MON-RR'),3,'Workflow-ul pentru adaugarea noilor angajati da eroare la ultima etapa',3,to_date('05-SEP-18','DD-MON-RR'),to_date('11-SEP-18','DD-MON-RR'),4,4,to_date('11-SEP-18','DD-MON-RR'),1,90);
Insert into DISERTATIE.DIC_TASK (ID,USER_ID,TITLE,DEADLINE,PRIORITY,DESCRIPTION,DIFFICULTY,CREATED,MODIFIED,STATUS,DELAY,END_DATE,TASK_ITERATION,POINTS) values (12,46,'Modificare ecran',to_date('26-SEP-18','DD-MON-RR'),2,'Adaugati inca un tab in ecranul Classification',3,to_date('05-SEP-18','DD-MON-RR'),to_date('11-SEP-18','DD-MON-RR'),3,null,null,1,null);
Insert into DISERTATIE.DIC_TASK (ID,USER_ID,TITLE,DEADLINE,PRIORITY,DESCRIPTION,DIFFICULTY,CREATED,MODIFIED,STATUS,DELAY,END_DATE,TASK_ITERATION,POINTS) values (13,6,'Adaugare camp data',to_date('28-SEP-18','DD-MON-RR'),3,'In ecranul utilizatorului va rog sa adaugati data ultimei modificari',2,to_date('06-SEP-18','DD-MON-RR'),to_date('11-SEP-18','DD-MON-RR'),4,1,to_date('11-SEP-18','DD-MON-RR'),1,96);
Insert into DISERTATIE.DIC_TASK (ID,USER_ID,TITLE,DEADLINE,PRIORITY,DESCRIPTION,DIFFICULTY,CREATED,MODIFIED,STATUS,DELAY,END_DATE,TASK_ITERATION,POINTS) values (21,95,'test',to_date('06-MAY-19','DD-MON-RR'),3,'test',2,to_date('06-MAY-19','DD-MON-RR'),to_date('06-MAY-19','DD-MON-RR'),1,null,null,null,null);
Insert into DISERTATIE.DIC_TASK (ID,USER_ID,TITLE,DEADLINE,PRIORITY,DESCRIPTION,DIFFICULTY,CREATED,MODIFIED,STATUS,DELAY,END_DATE,TASK_ITERATION,POINTS) values (8,46,'Creare Ecran',to_date('26-SEP-18','DD-MON-RR'),2,'Creare Ecran control',1,to_date('05-SEP-18','DD-MON-RR'),to_date('06-MAY-19','DD-MON-RR'),4,4,to_date('06-MAY-19','DD-MON-RR'),5,45);
Insert into DISERTATIE.DIC_TASK (ID,USER_ID,TITLE,DEADLINE,PRIORITY,DESCRIPTION,DIFFICULTY,CREATED,MODIFIED,STATUS,DELAY,END_DATE,TASK_ITERATION,POINTS) values (9,6,'Modificare tabel Istoric',to_date('18-SEP-18','DD-MON-RR'),3,'Adaugati inca o coloana in tabelul ce contine istoricul task-urilor',2,to_date('05-SEP-18','DD-MON-RR'),to_date('11-SEP-18','DD-MON-RR'),2,null,null,1,null);
Insert into DISERTATIE.DIC_TASK (ID,USER_ID,TITLE,DEADLINE,PRIORITY,DESCRIPTION,DIFFICULTY,CREATED,MODIFIED,STATUS,DELAY,END_DATE,TASK_ITERATION,POINTS) values (10,6,'Stergere tabel',to_date('27-SEP-18','DD-MON-RR'),3,'Va rog sa stergeti tabelul DIC_ADM_CONTRAT',2,to_date('05-SEP-18','DD-MON-RR'),to_date('09-MAR-19','DD-MON-RR'),4,4,to_date('09-MAR-19','DD-MON-RR'),5,72);
Insert into DISERTATIE.DIC_TASK (ID,USER_ID,TITLE,DEADLINE,PRIORITY,DESCRIPTION,DIFFICULTY,CREATED,MODIFIED,STATUS,DELAY,END_DATE,TASK_ITERATION,POINTS) values (14,46,'Buton Exit',to_date('29-SEP-18','DD-MON-RR'),2,'Adaugare buton Exit Aplicatie conform documentatie email.',3,to_date('11-SEP-18','DD-MON-RR'),to_date('06-MAY-19','DD-MON-RR'),4,4,to_date('06-MAY-19','DD-MON-RR'),5,90);
Insert into DISERTATIE.DIC_TASK (ID,USER_ID,TITLE,DEADLINE,PRIORITY,DESCRIPTION,DIFFICULTY,CREATED,MODIFIED,STATUS,DELAY,END_DATE,TASK_ITERATION,POINTS) values (17,108,'Test adaugare task',to_date('17-SEP-18','DD-MON-RR'),2,'Test adaugare task',3,to_date('12-SEP-18','DD-MON-RR'),to_date('12-SEP-18','DD-MON-RR'),3,null,null,1,null);
Insert into DISERTATIE.DIC_TASK (ID,USER_ID,TITLE,DEADLINE,PRIORITY,DESCRIPTION,DIFFICULTY,CREATED,MODIFIED,STATUS,DELAY,END_DATE,TASK_ITERATION,POINTS) values (41,6,'Adaugare poza de profil',to_date('30-MAY-19','DD-MON-RR'),2,'Adaugarea pozei de profil pentru utilizatorii aplicatiei',2,to_date('26-MAY-19','DD-MON-RR'),to_date('26-MAY-19','DD-MON-RR'),4,1,to_date('26-MAY-19','DD-MON-RR'),23,96);
REM INSERTING into DISERTATIE.DIC_TASK_COMMENT
SET DEFINE OFF;
Insert into DISERTATIE.DIC_TASK_COMMENT (ID,TASK_ID,USER_ID,TASK_COMMENT,CREATED) values (81,1,1,'test',to_date('06-MAY-19','DD-MON-RR'));
Insert into DISERTATIE.DIC_TASK_COMMENT (ID,TASK_ID,USER_ID,TASK_COMMENT,CREATED) values (82,1,1,'sadfsaf',to_date('06-MAY-19','DD-MON-RR'));
Insert into DISERTATIE.DIC_TASK_COMMENT (ID,TASK_ID,USER_ID,TASK_COMMENT,CREATED) values (21,17,1,'Va rog sa va asignati acest task',to_date('12-SEP-18','DD-MON-RR'));
Insert into DISERTATIE.DIC_TASK_COMMENT (ID,TASK_ID,USER_ID,TASK_COMMENT,CREATED) values (19,1,26,'Conform machetei ar trebui adaugat si campul "Suma ramasa" ce a fost sters din tabelul platilor. Puteti confirma daca aceasta coloana trebuie adaugata din nou.',to_date('06-SEP-18','DD-MON-RR'));
Insert into DISERTATIE.DIC_TASK_COMMENT (ID,TASK_ID,USER_ID,TASK_COMMENT,CREATED) values (20,1,1,'Da. Multumesc!',to_date('06-SEP-18','DD-MON-RR'));
Insert into DISERTATIE.DIC_TASK_COMMENT (ID,TASK_ID,USER_ID,TASK_COMMENT,CREATED) values (41,2,1,'test comentariu',to_date('17-JAN-19','DD-MON-RR'));
Insert into DISERTATIE.DIC_TASK_COMMENT (ID,TASK_ID,USER_ID,TASK_COMMENT,CREATED) values (42,1,1,'Test comentariu',to_date('17-JAN-19','DD-MON-RR'));
Insert into DISERTATIE.DIC_TASK_COMMENT (ID,TASK_ID,USER_ID,TASK_COMMENT,CREATED) values (61,3,1,'testsa',to_date('09-MAR-19','DD-MON-RR'));
Insert into DISERTATIE.DIC_TASK_COMMENT (ID,TASK_ID,USER_ID,TASK_COMMENT,CREATED) values (63,3,1,'adfga',to_date('09-MAR-19','DD-MON-RR'));
Insert into DISERTATIE.DIC_TASK_COMMENT (ID,TASK_ID,USER_ID,TASK_COMMENT,CREATED) values (64,3,1,'zcvs',to_date('09-MAR-19','DD-MON-RR'));
Insert into DISERTATIE.DIC_TASK_COMMENT (ID,TASK_ID,USER_ID,TASK_COMMENT,CREATED) values (62,3,1,'gsadg',to_date('09-MAR-19','DD-MON-RR'));
REM INSERTING into DISERTATIE.DIC_TASK_ITERATION
SET DEFINE OFF;
Insert into DISERTATIE.DIC_TASK_ITERATION (ID,START_DATE,END_DATE) values (25,to_date('24-JUL-19','DD-MON-RR'),to_date('23-AUG-19','DD-MON-RR'));
Insert into DISERTATIE.DIC_TASK_ITERATION (ID,START_DATE,END_DATE) values (1,to_date('01-AUG-18','DD-MON-RR'),to_date('29-SEP-18','DD-MON-RR'));
Insert into DISERTATIE.DIC_TASK_ITERATION (ID,START_DATE,END_DATE) values (23,to_date('23-MAY-19','DD-MON-RR'),to_date('23-JUN-19','DD-MON-RR'));
Insert into DISERTATIE.DIC_TASK_ITERATION (ID,START_DATE,END_DATE) values (24,to_date('24-JUN-19','DD-MON-RR'),to_date('23-JUL-19','DD-MON-RR'));
Insert into DISERTATIE.DIC_TASK_ITERATION (ID,START_DATE,END_DATE) values (5,to_date('30-SEP-18','DD-MON-RR'),to_date('22-OCT-18','DD-MON-RR'));
REM INSERTING into DISERTATIE.DIC_USER_LEVEL
SET DEFINE OFF;
Insert into DISERTATIE.DIC_USER_LEVEL (PERSO_USER_ID,LEVEL_ID,TOTAL_POINTS,PERCENTAGE_LEVEL,CREATED,MODIFIED) values (95,1,0,0,to_date('04-SEP-18','DD-MON-RR'),to_date('04-SEP-18','DD-MON-RR'));
Insert into DISERTATIE.DIC_USER_LEVEL (PERSO_USER_ID,LEVEL_ID,TOTAL_POINTS,PERCENTAGE_LEVEL,CREATED,MODIFIED) values (105,1,0,0,to_date('12-SEP-18','DD-MON-RR'),to_date('12-SEP-18','DD-MON-RR'));
Insert into DISERTATIE.DIC_USER_LEVEL (PERSO_USER_ID,LEVEL_ID,TOTAL_POINTS,PERCENTAGE_LEVEL,CREATED,MODIFIED) values (106,1,0,0,to_date('12-SEP-18','DD-MON-RR'),to_date('09-MAR-19','DD-MON-RR'));
Insert into DISERTATIE.DIC_USER_LEVEL (PERSO_USER_ID,LEVEL_ID,TOTAL_POINTS,PERCENTAGE_LEVEL,CREATED,MODIFIED) values (107,1,0,0,to_date('12-SEP-18','DD-MON-RR'),to_date('12-SEP-18','DD-MON-RR'));
Insert into DISERTATIE.DIC_USER_LEVEL (PERSO_USER_ID,LEVEL_ID,TOTAL_POINTS,PERCENTAGE_LEVEL,CREATED,MODIFIED) values (108,1,0,0,to_date('12-SEP-18','DD-MON-RR'),to_date('12-SEP-18','DD-MON-RR'));
Insert into DISERTATIE.DIC_USER_LEVEL (PERSO_USER_ID,LEVEL_ID,TOTAL_POINTS,PERCENTAGE_LEVEL,CREATED,MODIFIED) values (-3,1,0,0,to_date('04-SEP-18','DD-MON-RR'),to_date('04-SEP-18','DD-MON-RR'));
Insert into DISERTATIE.DIC_USER_LEVEL (PERSO_USER_ID,LEVEL_ID,TOTAL_POINTS,PERCENTAGE_LEVEL,CREATED,MODIFIED) values (1,2,1150,15,to_date('04-SEP-18','DD-MON-RR'),to_date('05-SEP-18','DD-MON-RR'));
Insert into DISERTATIE.DIC_USER_LEVEL (PERSO_USER_ID,LEVEL_ID,TOTAL_POINTS,PERCENTAGE_LEVEL,CREATED,MODIFIED) values (6,5,8149,54,to_date('04-SEP-18','DD-MON-RR'),to_date('26-MAY-19','DD-MON-RR'));
Insert into DISERTATIE.DIC_USER_LEVEL (PERSO_USER_ID,LEVEL_ID,TOTAL_POINTS,PERCENTAGE_LEVEL,CREATED,MODIFIED) values (7,1,0,0,to_date('04-SEP-18','DD-MON-RR'),to_date('04-SEP-18','DD-MON-RR'));
Insert into DISERTATIE.DIC_USER_LEVEL (PERSO_USER_ID,LEVEL_ID,TOTAL_POINTS,PERCENTAGE_LEVEL,CREATED,MODIFIED) values (8,1,0,0,to_date('04-SEP-18','DD-MON-RR'),to_date('04-SEP-18','DD-MON-RR'));
Insert into DISERTATIE.DIC_USER_LEVEL (PERSO_USER_ID,LEVEL_ID,TOTAL_POINTS,PERCENTAGE_LEVEL,CREATED,MODIFIED) values (26,4,4828,33,to_date('04-SEP-18','DD-MON-RR'),to_date('11-SEP-18','DD-MON-RR'));
Insert into DISERTATIE.DIC_USER_LEVEL (PERSO_USER_ID,LEVEL_ID,TOTAL_POINTS,PERCENTAGE_LEVEL,CREATED,MODIFIED) values (46,6,12835,95,to_date('04-SEP-18','DD-MON-RR'),to_date('26-MAY-19','DD-MON-RR'));
Insert into DISERTATIE.DIC_USER_LEVEL (PERSO_USER_ID,LEVEL_ID,TOTAL_POINTS,PERCENTAGE_LEVEL,CREATED,MODIFIED) values (47,1,115,1,to_date('04-SEP-18','DD-MON-RR'),to_date('04-SEP-18','DD-MON-RR'));
Insert into DISERTATIE.DIC_USER_LEVEL (PERSO_USER_ID,LEVEL_ID,TOTAL_POINTS,PERCENTAGE_LEVEL,CREATED,MODIFIED) values (90,1,550,55,to_date('04-SEP-18','DD-MON-RR'),to_date('04-SEP-18','DD-MON-RR'));
Insert into DISERTATIE.DIC_USER_LEVEL (PERSO_USER_ID,LEVEL_ID,TOTAL_POINTS,PERCENTAGE_LEVEL,CREATED,MODIFIED) values (91,1,420,42,to_date('04-SEP-18','DD-MON-RR'),to_date('04-SEP-18','DD-MON-RR'));
Insert into DISERTATIE.DIC_USER_LEVEL (PERSO_USER_ID,LEVEL_ID,TOTAL_POINTS,PERCENTAGE_LEVEL,CREATED,MODIFIED) values (94,1,900,90,to_date('04-SEP-18','DD-MON-RR'),to_date('04-SEP-18','DD-MON-RR'));
Insert into DISERTATIE.DIC_USER_LEVEL (PERSO_USER_ID,LEVEL_ID,TOTAL_POINTS,PERCENTAGE_LEVEL,CREATED,MODIFIED) values (125,1,0,0,to_date('26-MAY-19','DD-MON-RR'),to_date('26-MAY-19','DD-MON-RR'));
REM INSERTING into DISERTATIE.HT_DEPT
SET DEFINE OFF;
REM INSERTING into DISERTATIE.REF_DIFFICULTY
SET DEFINE OFF;
Insert into DISERTATIE.REF_DIFFICULTY (ID,NAME,QUOTE) values (1,'Easy',50);
Insert into DISERTATIE.REF_DIFFICULTY (ID,NAME,QUOTE) values (2,'Medium',80);
Insert into DISERTATIE.REF_DIFFICULTY (ID,NAME,QUOTE) values (3,'Diffcult',100);
REM INSERTING into DISERTATIE.REF_LEVEL
SET DEFINE OFF;
Insert into DISERTATIE.REF_LEVEL (LEVEL_ID,TOTAL_POINTS,POINTS_FOR_NEW_LEVEL,WEIGHT) values (11,40000,null,0.8);
Insert into DISERTATIE.REF_LEVEL (LEVEL_ID,TOTAL_POINTS,POINTS_FOR_NEW_LEVEL,WEIGHT) values (10,30000,10000,0.8);
Insert into DISERTATIE.REF_LEVEL (LEVEL_ID,TOTAL_POINTS,POINTS_FOR_NEW_LEVEL,WEIGHT) values (9,23000,7000,0.8);
Insert into DISERTATIE.REF_LEVEL (LEVEL_ID,TOTAL_POINTS,POINTS_FOR_NEW_LEVEL,WEIGHT) values (8,17500,5500,0.9);
Insert into DISERTATIE.REF_LEVEL (LEVEL_ID,TOTAL_POINTS,POINTS_FOR_NEW_LEVEL,WEIGHT) values (7,13000,4500,0.9);
Insert into DISERTATIE.REF_LEVEL (LEVEL_ID,TOTAL_POINTS,POINTS_FOR_NEW_LEVEL,WEIGHT) values (6,9500,3500,1);
Insert into DISERTATIE.REF_LEVEL (LEVEL_ID,TOTAL_POINTS,POINTS_FOR_NEW_LEVEL,WEIGHT) values (5,6500,3000,1);
Insert into DISERTATIE.REF_LEVEL (LEVEL_ID,TOTAL_POINTS,POINTS_FOR_NEW_LEVEL,WEIGHT) values (4,4000,2500,1.1);
Insert into DISERTATIE.REF_LEVEL (LEVEL_ID,TOTAL_POINTS,POINTS_FOR_NEW_LEVEL,WEIGHT) values (3,2000,2000,1.2);
Insert into DISERTATIE.REF_LEVEL (LEVEL_ID,TOTAL_POINTS,POINTS_FOR_NEW_LEVEL,WEIGHT) values (2,1000,1000,1.2);
Insert into DISERTATIE.REF_LEVEL (LEVEL_ID,TOTAL_POINTS,POINTS_FOR_NEW_LEVEL,WEIGHT) values (1,0,1000,1.2);
REM INSERTING into DISERTATIE.REF_PRIORITY
SET DEFINE OFF;
Insert into DISERTATIE.REF_PRIORITY (ID,NAME) values (1,'Low');
Insert into DISERTATIE.REF_PRIORITY (ID,NAME) values (2,'Medium');
Insert into DISERTATIE.REF_PRIORITY (ID,NAME) values (3,'High');
REM INSERTING into DISERTATIE.REF_TASK_END
SET DEFINE OFF;
Insert into DISERTATIE.REF_TASK_END (ID,NAME,WEIGHT,MIN_DAYS,MAX_DAYS) values (1,'terminat <= 3 zile inainte',1.2,999,3);
Insert into DISERTATIE.REF_TASK_END (ID,NAME,WEIGHT,MIN_DAYS,MAX_DAYS) values (2,'terminat 1 zile inainte',1.05,2,1);
Insert into DISERTATIE.REF_TASK_END (ID,NAME,WEIGHT,MIN_DAYS,MAX_DAYS) values (3,'terminat la fix',1,0,0);
Insert into DISERTATIE.REF_TASK_END (ID,NAME,WEIGHT,MIN_DAYS,MAX_DAYS) values (4,'intariere 1 zi',0.9,-1,-999);
REM INSERTING into DISERTATIE.REF_TASK_STATUS
SET DEFINE OFF;
Insert into DISERTATIE.REF_TASK_STATUS (ID,NAME) values (1,'Backlog');
Insert into DISERTATIE.REF_TASK_STATUS (ID,NAME) values (2,'To Do');
Insert into DISERTATIE.REF_TASK_STATUS (ID,NAME) values (3,'In progress');
Insert into DISERTATIE.REF_TASK_STATUS (ID,NAME) values (4,'Done');
REM INSERTING into DISERTATIE.USER_ROLE
SET DEFINE OFF;
Insert into DISERTATIE.USER_ROLE (USER_ID,ROLE_ID) values (-3,2);
Insert into DISERTATIE.USER_ROLE (USER_ID,ROLE_ID) values (1,1);
Insert into DISERTATIE.USER_ROLE (USER_ID,ROLE_ID) values (1,2);
Insert into DISERTATIE.USER_ROLE (USER_ID,ROLE_ID) values (6,2);
Insert into DISERTATIE.USER_ROLE (USER_ID,ROLE_ID) values (7,2);
Insert into DISERTATIE.USER_ROLE (USER_ID,ROLE_ID) values (8,2);
Insert into DISERTATIE.USER_ROLE (USER_ID,ROLE_ID) values (26,2);
Insert into DISERTATIE.USER_ROLE (USER_ID,ROLE_ID) values (46,2);
Insert into DISERTATIE.USER_ROLE (USER_ID,ROLE_ID) values (47,2);
Insert into DISERTATIE.USER_ROLE (USER_ID,ROLE_ID) values (90,2);
Insert into DISERTATIE.USER_ROLE (USER_ID,ROLE_ID) values (91,2);
Insert into DISERTATIE.USER_ROLE (USER_ID,ROLE_ID) values (94,2);
Insert into DISERTATIE.USER_ROLE (USER_ID,ROLE_ID) values (95,2);
Insert into DISERTATIE.USER_ROLE (USER_ID,ROLE_ID) values (105,2);
Insert into DISERTATIE.USER_ROLE (USER_ID,ROLE_ID) values (106,2);
Insert into DISERTATIE.USER_ROLE (USER_ID,ROLE_ID) values (107,2);
Insert into DISERTATIE.USER_ROLE (USER_ID,ROLE_ID) values (108,2);
Insert into DISERTATIE.USER_ROLE (USER_ID,ROLE_ID) values (125,2);
--------------------------------------------------------
--  DDL for Index APP_ROLE_PK
--------------------------------------------------------

  CREATE UNIQUE INDEX "DISERTATIE"."APP_ROLE_PK" ON "DISERTATIE"."APP_ROLE" ("ROLE_ID") 
  PCTFREE 10 INITRANS 2 MAXTRANS 255 COMPUTE STATISTICS 
  STORAGE(INITIAL 65536 NEXT 1048576 MINEXTENTS 1 MAXEXTENTS 2147483645
  PCTINCREASE 0 FREELISTS 1 FREELIST GROUPS 1 BUFFER_POOL DEFAULT FLASH_CACHE DEFAULT CELL_FLASH_CACHE DEFAULT)
  TABLESPACE "USERS" ;
--------------------------------------------------------
--  DDL for Index APP_ROLE_UK
--------------------------------------------------------

  CREATE UNIQUE INDEX "DISERTATIE"."APP_ROLE_UK" ON "DISERTATIE"."APP_ROLE" ("ROLE_NAME") 
  PCTFREE 10 INITRANS 2 MAXTRANS 255 COMPUTE STATISTICS 
  STORAGE(INITIAL 65536 NEXT 1048576 MINEXTENTS 1 MAXEXTENTS 2147483645
  PCTINCREASE 0 FREELISTS 1 FREELIST GROUPS 1 BUFFER_POOL DEFAULT FLASH_CACHE DEFAULT CELL_FLASH_CACHE DEFAULT)
  TABLESPACE "USERS" ;
--------------------------------------------------------
--  DDL for Index APP_USER_PK
--------------------------------------------------------

  CREATE UNIQUE INDEX "DISERTATIE"."APP_USER_PK" ON "DISERTATIE"."APP_USER" ("ID") 
  PCTFREE 10 INITRANS 2 MAXTRANS 255 COMPUTE STATISTICS 
  STORAGE(INITIAL 65536 NEXT 1048576 MINEXTENTS 1 MAXEXTENTS 2147483645
  PCTINCREASE 0 FREELISTS 1 FREELIST GROUPS 1 BUFFER_POOL DEFAULT FLASH_CACHE DEFAULT CELL_FLASH_CACHE DEFAULT)
  TABLESPACE "USERS" ;
--------------------------------------------------------
--  DDL for Index APP_USER_UK
--------------------------------------------------------

  CREATE UNIQUE INDEX "DISERTATIE"."APP_USER_UK" ON "DISERTATIE"."APP_USER" ("USER_NAME") 
  PCTFREE 10 INITRANS 2 MAXTRANS 255 COMPUTE STATISTICS 
  STORAGE(INITIAL 65536 NEXT 1048576 MINEXTENTS 1 MAXEXTENTS 2147483645
  PCTINCREASE 0 FREELISTS 1 FREELIST GROUPS 1 BUFFER_POOL DEFAULT FLASH_CACHE DEFAULT CELL_FLASH_CACHE DEFAULT)
  TABLESPACE "USERS" ;
--------------------------------------------------------
--  DDL for Index SYS_C007882
--------------------------------------------------------

  CREATE UNIQUE INDEX "DISERTATIE"."SYS_C007882" ON "DISERTATIE"."DEPT" ("ID") 
  PCTFREE 10 INITRANS 2 MAXTRANS 255 COMPUTE STATISTICS 
  STORAGE(INITIAL 65536 NEXT 1048576 MINEXTENTS 1 MAXEXTENTS 2147483645
  PCTINCREASE 0 FREELISTS 1 FREELIST GROUPS 1 BUFFER_POOL DEFAULT FLASH_CACHE DEFAULT CELL_FLASH_CACHE DEFAULT)
  TABLESPACE "USERS" ;
--------------------------------------------------------
--  DDL for Index SYS_C007883
--------------------------------------------------------

  CREATE UNIQUE INDEX "DISERTATIE"."SYS_C007883" ON "DISERTATIE"."DEPT_MANAGER" ("DEPT_ID", "MANAGER_ID") 
  PCTFREE 10 INITRANS 2 MAXTRANS 255 COMPUTE STATISTICS 
  STORAGE(INITIAL 65536 NEXT 1048576 MINEXTENTS 1 MAXEXTENTS 2147483645
  PCTINCREASE 0 FREELISTS 1 FREELIST GROUPS 1 BUFFER_POOL DEFAULT FLASH_CACHE DEFAULT CELL_FLASH_CACHE DEFAULT)
  TABLESPACE "USERS" ;
--------------------------------------------------------
--  DDL for Index SYS_C007370
--------------------------------------------------------

  CREATE UNIQUE INDEX "DISERTATIE"."SYS_C007370" ON "DISERTATIE"."DIC_PERSO" ("USER_ID") 
  PCTFREE 10 INITRANS 2 MAXTRANS 255 COMPUTE STATISTICS 
  STORAGE(INITIAL 65536 NEXT 1048576 MINEXTENTS 1 MAXEXTENTS 2147483645
  PCTINCREASE 0 FREELISTS 1 FREELIST GROUPS 1 BUFFER_POOL DEFAULT FLASH_CACHE DEFAULT CELL_FLASH_CACHE DEFAULT)
  TABLESPACE "USERS" ;
--------------------------------------------------------
--  DDL for Index SYS_C007968
--------------------------------------------------------

  CREATE UNIQUE INDEX "DISERTATIE"."SYS_C007968" ON "DISERTATIE"."DIC_TASK" ("ID") 
  PCTFREE 10 INITRANS 2 MAXTRANS 255 COMPUTE STATISTICS 
  STORAGE(INITIAL 65536 NEXT 1048576 MINEXTENTS 1 MAXEXTENTS 2147483645
  PCTINCREASE 0 FREELISTS 1 FREELIST GROUPS 1 BUFFER_POOL DEFAULT FLASH_CACHE DEFAULT CELL_FLASH_CACHE DEFAULT)
  TABLESPACE "USERS" ;
--------------------------------------------------------
--  DDL for Index SYS_C007998
--------------------------------------------------------

  CREATE UNIQUE INDEX "DISERTATIE"."SYS_C007998" ON "DISERTATIE"."DIC_TASK_COMMENT" ("ID") 
  PCTFREE 10 INITRANS 2 MAXTRANS 255 COMPUTE STATISTICS 
  STORAGE(INITIAL 65536 NEXT 1048576 MINEXTENTS 1 MAXEXTENTS 2147483645
  PCTINCREASE 0 FREELISTS 1 FREELIST GROUPS 1 BUFFER_POOL DEFAULT FLASH_CACHE DEFAULT CELL_FLASH_CACHE DEFAULT)
  TABLESPACE "USERS" ;
--------------------------------------------------------
--  DDL for Index SYS_C008001
--------------------------------------------------------

  CREATE UNIQUE INDEX "DISERTATIE"."SYS_C008001" ON "DISERTATIE"."DIC_TASK_ITERATION" ("ID") 
  PCTFREE 10 INITRANS 2 MAXTRANS 255 COMPUTE STATISTICS 
  STORAGE(INITIAL 65536 NEXT 1048576 MINEXTENTS 1 MAXEXTENTS 2147483645
  PCTINCREASE 0 FREELISTS 1 FREELIST GROUPS 1 BUFFER_POOL DEFAULT FLASH_CACHE DEFAULT CELL_FLASH_CACHE DEFAULT)
  TABLESPACE "USERS" ;
--------------------------------------------------------
--  DDL for Index SYS_C008004
--------------------------------------------------------

  CREATE UNIQUE INDEX "DISERTATIE"."SYS_C008004" ON "DISERTATIE"."DIC_USER_LEVEL" ("PERSO_USER_ID") 
  PCTFREE 10 INITRANS 2 MAXTRANS 255 COMPUTE STATISTICS 
  STORAGE(INITIAL 65536 NEXT 1048576 MINEXTENTS 1 MAXEXTENTS 2147483645
  PCTINCREASE 0 FREELISTS 1 FREELIST GROUPS 1 BUFFER_POOL DEFAULT FLASH_CACHE DEFAULT CELL_FLASH_CACHE DEFAULT)
  TABLESPACE "USERS" ;
--------------------------------------------------------
--  DDL for Index SYS_C007967
--------------------------------------------------------

  CREATE UNIQUE INDEX "DISERTATIE"."SYS_C007967" ON "DISERTATIE"."REF_DIFFICULTY" ("ID") 
  PCTFREE 10 INITRANS 2 MAXTRANS 255 COMPUTE STATISTICS 
  STORAGE(INITIAL 65536 NEXT 1048576 MINEXTENTS 1 MAXEXTENTS 2147483645
  PCTINCREASE 0 FREELISTS 1 FREELIST GROUPS 1 BUFFER_POOL DEFAULT FLASH_CACHE DEFAULT CELL_FLASH_CACHE DEFAULT)
  TABLESPACE "USERS" ;
--------------------------------------------------------
--  DDL for Index SYS_C008003
--------------------------------------------------------

  CREATE UNIQUE INDEX "DISERTATIE"."SYS_C008003" ON "DISERTATIE"."REF_LEVEL" ("LEVEL_ID") 
  PCTFREE 10 INITRANS 2 MAXTRANS 255 COMPUTE STATISTICS 
  STORAGE(INITIAL 65536 NEXT 1048576 MINEXTENTS 1 MAXEXTENTS 2147483645
  PCTINCREASE 0 FREELISTS 1 FREELIST GROUPS 1 BUFFER_POOL DEFAULT FLASH_CACHE DEFAULT CELL_FLASH_CACHE DEFAULT)
  TABLESPACE "USERS" ;
--------------------------------------------------------
--  DDL for Index SYS_C007965
--------------------------------------------------------

  CREATE UNIQUE INDEX "DISERTATIE"."SYS_C007965" ON "DISERTATIE"."REF_PRIORITY" ("ID") 
  PCTFREE 10 INITRANS 2 MAXTRANS 255 COMPUTE STATISTICS 
  STORAGE(INITIAL 65536 NEXT 1048576 MINEXTENTS 1 MAXEXTENTS 2147483645
  PCTINCREASE 0 FREELISTS 1 FREELIST GROUPS 1 BUFFER_POOL DEFAULT FLASH_CACHE DEFAULT CELL_FLASH_CACHE DEFAULT)
  TABLESPACE "USERS" ;
--------------------------------------------------------
--  DDL for Index SYS_C007986
--------------------------------------------------------

  CREATE UNIQUE INDEX "DISERTATIE"."SYS_C007986" ON "DISERTATIE"."REF_TASK_END" ("ID") 
  PCTFREE 10 INITRANS 2 MAXTRANS 255 COMPUTE STATISTICS 
  STORAGE(INITIAL 65536 NEXT 1048576 MINEXTENTS 1 MAXEXTENTS 2147483645
  PCTINCREASE 0 FREELISTS 1 FREELIST GROUPS 1 BUFFER_POOL DEFAULT FLASH_CACHE DEFAULT CELL_FLASH_CACHE DEFAULT)
  TABLESPACE "USERS" ;
--------------------------------------------------------
--  DDL for Index SYS_C007979
--------------------------------------------------------

  CREATE UNIQUE INDEX "DISERTATIE"."SYS_C007979" ON "DISERTATIE"."REF_TASK_STATUS" ("ID") 
  PCTFREE 10 INITRANS 2 MAXTRANS 255 COMPUTE STATISTICS 
  STORAGE(INITIAL 65536 NEXT 1048576 MINEXTENTS 1 MAXEXTENTS 2147483645
  PCTINCREASE 0 FREELISTS 1 FREELIST GROUPS 1 BUFFER_POOL DEFAULT FLASH_CACHE DEFAULT CELL_FLASH_CACHE DEFAULT)
  TABLESPACE "USERS" ;
--------------------------------------------------------
--  DDL for Index SYS_C007362
--------------------------------------------------------

  CREATE UNIQUE INDEX "DISERTATIE"."SYS_C007362" ON "DISERTATIE"."USER_ROLE" ("USER_ID", "ROLE_ID") 
  PCTFREE 10 INITRANS 2 MAXTRANS 255 COMPUTE STATISTICS 
  STORAGE(INITIAL 65536 NEXT 1048576 MINEXTENTS 1 MAXEXTENTS 2147483645
  PCTINCREASE 0 FREELISTS 1 FREELIST GROUPS 1 BUFFER_POOL DEFAULT FLASH_CACHE DEFAULT CELL_FLASH_CACHE DEFAULT)
  TABLESPACE "USERS" ;
--------------------------------------------------------
--  Constraints for Table APP_ROLE
--------------------------------------------------------

  ALTER TABLE "DISERTATIE"."APP_ROLE" ADD CONSTRAINT "APP_ROLE_UK" UNIQUE ("ROLE_NAME")
  USING INDEX PCTFREE 10 INITRANS 2 MAXTRANS 255 COMPUTE STATISTICS 
  STORAGE(INITIAL 65536 NEXT 1048576 MINEXTENTS 1 MAXEXTENTS 2147483645
  PCTINCREASE 0 FREELISTS 1 FREELIST GROUPS 1 BUFFER_POOL DEFAULT FLASH_CACHE DEFAULT CELL_FLASH_CACHE DEFAULT)
  TABLESPACE "USERS"  ENABLE;
  ALTER TABLE "DISERTATIE"."APP_ROLE" ADD CONSTRAINT "APP_ROLE_PK" PRIMARY KEY ("ROLE_ID")
  USING INDEX PCTFREE 10 INITRANS 2 MAXTRANS 255 COMPUTE STATISTICS 
  STORAGE(INITIAL 65536 NEXT 1048576 MINEXTENTS 1 MAXEXTENTS 2147483645
  PCTINCREASE 0 FREELISTS 1 FREELIST GROUPS 1 BUFFER_POOL DEFAULT FLASH_CACHE DEFAULT CELL_FLASH_CACHE DEFAULT)
  TABLESPACE "USERS"  ENABLE;
  ALTER TABLE "DISERTATIE"."APP_ROLE" MODIFY ("ROLE_NAME" NOT NULL ENABLE);
  ALTER TABLE "DISERTATIE"."APP_ROLE" MODIFY ("ROLE_ID" NOT NULL ENABLE);
--------------------------------------------------------
--  Constraints for Table APP_USER
--------------------------------------------------------

  ALTER TABLE "DISERTATIE"."APP_USER" ADD CONSTRAINT "APP_USER_UK" UNIQUE ("USER_NAME")
  USING INDEX PCTFREE 10 INITRANS 2 MAXTRANS 255 COMPUTE STATISTICS 
  STORAGE(INITIAL 65536 NEXT 1048576 MINEXTENTS 1 MAXEXTENTS 2147483645
  PCTINCREASE 0 FREELISTS 1 FREELIST GROUPS 1 BUFFER_POOL DEFAULT FLASH_CACHE DEFAULT CELL_FLASH_CACHE DEFAULT)
  TABLESPACE "USERS"  ENABLE;
  ALTER TABLE "DISERTATIE"."APP_USER" ADD CONSTRAINT "APP_USER_PK" PRIMARY KEY ("ID")
  USING INDEX PCTFREE 10 INITRANS 2 MAXTRANS 255 COMPUTE STATISTICS 
  STORAGE(INITIAL 65536 NEXT 1048576 MINEXTENTS 1 MAXEXTENTS 2147483645
  PCTINCREASE 0 FREELISTS 1 FREELIST GROUPS 1 BUFFER_POOL DEFAULT FLASH_CACHE DEFAULT CELL_FLASH_CACHE DEFAULT)
  TABLESPACE "USERS"  ENABLE;
  ALTER TABLE "DISERTATIE"."APP_USER" MODIFY ("ENABLED" NOT NULL ENABLE);
  ALTER TABLE "DISERTATIE"."APP_USER" MODIFY ("PASSWORD" NOT NULL ENABLE);
  ALTER TABLE "DISERTATIE"."APP_USER" MODIFY ("USER_NAME" NOT NULL ENABLE);
  ALTER TABLE "DISERTATIE"."APP_USER" MODIFY ("ID" NOT NULL ENABLE);
--------------------------------------------------------
--  Constraints for Table DEPT
--------------------------------------------------------

  ALTER TABLE "DISERTATIE"."DEPT" ADD PRIMARY KEY ("ID")
  USING INDEX PCTFREE 10 INITRANS 2 MAXTRANS 255 COMPUTE STATISTICS 
  STORAGE(INITIAL 65536 NEXT 1048576 MINEXTENTS 1 MAXEXTENTS 2147483645
  PCTINCREASE 0 FREELISTS 1 FREELIST GROUPS 1 BUFFER_POOL DEFAULT FLASH_CACHE DEFAULT CELL_FLASH_CACHE DEFAULT)
  TABLESPACE "USERS"  ENABLE;
--------------------------------------------------------
--  Constraints for Table DEPT_MANAGER
--------------------------------------------------------

  ALTER TABLE "DISERTATIE"."DEPT_MANAGER" ADD PRIMARY KEY ("DEPT_ID", "MANAGER_ID")
  USING INDEX PCTFREE 10 INITRANS 2 MAXTRANS 255 COMPUTE STATISTICS 
  STORAGE(INITIAL 65536 NEXT 1048576 MINEXTENTS 1 MAXEXTENTS 2147483645
  PCTINCREASE 0 FREELISTS 1 FREELIST GROUPS 1 BUFFER_POOL DEFAULT FLASH_CACHE DEFAULT CELL_FLASH_CACHE DEFAULT)
  TABLESPACE "USERS"  ENABLE;
--------------------------------------------------------
--  Constraints for Table DIC_PERSO
--------------------------------------------------------

  ALTER TABLE "DISERTATIE"."DIC_PERSO" ADD PRIMARY KEY ("USER_ID")
  USING INDEX PCTFREE 10 INITRANS 2 MAXTRANS 255 COMPUTE STATISTICS 
  STORAGE(INITIAL 65536 NEXT 1048576 MINEXTENTS 1 MAXEXTENTS 2147483645
  PCTINCREASE 0 FREELISTS 1 FREELIST GROUPS 1 BUFFER_POOL DEFAULT FLASH_CACHE DEFAULT CELL_FLASH_CACHE DEFAULT)
  TABLESPACE "USERS"  ENABLE;
--------------------------------------------------------
--  Constraints for Table DIC_TASK
--------------------------------------------------------

  ALTER TABLE "DISERTATIE"."DIC_TASK" ADD PRIMARY KEY ("ID")
  USING INDEX PCTFREE 10 INITRANS 2 MAXTRANS 255 COMPUTE STATISTICS 
  STORAGE(INITIAL 65536 NEXT 1048576 MINEXTENTS 1 MAXEXTENTS 2147483645
  PCTINCREASE 0 FREELISTS 1 FREELIST GROUPS 1 BUFFER_POOL DEFAULT FLASH_CACHE DEFAULT CELL_FLASH_CACHE DEFAULT)
  TABLESPACE "USERS"  ENABLE;
--------------------------------------------------------
--  Constraints for Table DIC_TASK_COMMENT
--------------------------------------------------------

  ALTER TABLE "DISERTATIE"."DIC_TASK_COMMENT" ADD PRIMARY KEY ("ID")
  USING INDEX PCTFREE 10 INITRANS 2 MAXTRANS 255 COMPUTE STATISTICS 
  STORAGE(INITIAL 65536 NEXT 1048576 MINEXTENTS 1 MAXEXTENTS 2147483645
  PCTINCREASE 0 FREELISTS 1 FREELIST GROUPS 1 BUFFER_POOL DEFAULT FLASH_CACHE DEFAULT CELL_FLASH_CACHE DEFAULT)
  TABLESPACE "USERS"  ENABLE;
--------------------------------------------------------
--  Constraints for Table DIC_TASK_ITERATION
--------------------------------------------------------

  ALTER TABLE "DISERTATIE"."DIC_TASK_ITERATION" ADD PRIMARY KEY ("ID")
  USING INDEX PCTFREE 10 INITRANS 2 MAXTRANS 255 COMPUTE STATISTICS 
  STORAGE(INITIAL 65536 NEXT 1048576 MINEXTENTS 1 MAXEXTENTS 2147483645
  PCTINCREASE 0 FREELISTS 1 FREELIST GROUPS 1 BUFFER_POOL DEFAULT FLASH_CACHE DEFAULT CELL_FLASH_CACHE DEFAULT)
  TABLESPACE "USERS"  ENABLE;
--------------------------------------------------------
--  Constraints for Table DIC_USER_LEVEL
--------------------------------------------------------

  ALTER TABLE "DISERTATIE"."DIC_USER_LEVEL" ADD PRIMARY KEY ("PERSO_USER_ID")
  USING INDEX PCTFREE 10 INITRANS 2 MAXTRANS 255 COMPUTE STATISTICS 
  STORAGE(INITIAL 65536 NEXT 1048576 MINEXTENTS 1 MAXEXTENTS 2147483645
  PCTINCREASE 0 FREELISTS 1 FREELIST GROUPS 1 BUFFER_POOL DEFAULT FLASH_CACHE DEFAULT CELL_FLASH_CACHE DEFAULT)
  TABLESPACE "USERS"  ENABLE;
--------------------------------------------------------
--  Constraints for Table HT_DEPT
--------------------------------------------------------

  ALTER TABLE "DISERTATIE"."HT_DEPT" MODIFY ("ID" NOT NULL ENABLE);
--------------------------------------------------------
--  Constraints for Table REF_DIFFICULTY
--------------------------------------------------------

  ALTER TABLE "DISERTATIE"."REF_DIFFICULTY" ADD PRIMARY KEY ("ID")
  USING INDEX PCTFREE 10 INITRANS 2 MAXTRANS 255 COMPUTE STATISTICS 
  STORAGE(INITIAL 65536 NEXT 1048576 MINEXTENTS 1 MAXEXTENTS 2147483645
  PCTINCREASE 0 FREELISTS 1 FREELIST GROUPS 1 BUFFER_POOL DEFAULT FLASH_CACHE DEFAULT CELL_FLASH_CACHE DEFAULT)
  TABLESPACE "USERS"  ENABLE;
--------------------------------------------------------
--  Constraints for Table REF_LEVEL
--------------------------------------------------------

  ALTER TABLE "DISERTATIE"."REF_LEVEL" ADD PRIMARY KEY ("LEVEL_ID")
  USING INDEX PCTFREE 10 INITRANS 2 MAXTRANS 255 COMPUTE STATISTICS 
  STORAGE(INITIAL 65536 NEXT 1048576 MINEXTENTS 1 MAXEXTENTS 2147483645
  PCTINCREASE 0 FREELISTS 1 FREELIST GROUPS 1 BUFFER_POOL DEFAULT FLASH_CACHE DEFAULT CELL_FLASH_CACHE DEFAULT)
  TABLESPACE "USERS"  ENABLE;
--------------------------------------------------------
--  Constraints for Table REF_PRIORITY
--------------------------------------------------------

  ALTER TABLE "DISERTATIE"."REF_PRIORITY" ADD PRIMARY KEY ("ID")
  USING INDEX PCTFREE 10 INITRANS 2 MAXTRANS 255 COMPUTE STATISTICS 
  STORAGE(INITIAL 65536 NEXT 1048576 MINEXTENTS 1 MAXEXTENTS 2147483645
  PCTINCREASE 0 FREELISTS 1 FREELIST GROUPS 1 BUFFER_POOL DEFAULT FLASH_CACHE DEFAULT CELL_FLASH_CACHE DEFAULT)
  TABLESPACE "USERS"  ENABLE;
--------------------------------------------------------
--  Constraints for Table REF_TASK_END
--------------------------------------------------------

  ALTER TABLE "DISERTATIE"."REF_TASK_END" ADD PRIMARY KEY ("ID")
  USING INDEX PCTFREE 10 INITRANS 2 MAXTRANS 255 COMPUTE STATISTICS 
  STORAGE(INITIAL 65536 NEXT 1048576 MINEXTENTS 1 MAXEXTENTS 2147483645
  PCTINCREASE 0 FREELISTS 1 FREELIST GROUPS 1 BUFFER_POOL DEFAULT FLASH_CACHE DEFAULT CELL_FLASH_CACHE DEFAULT)
  TABLESPACE "USERS"  ENABLE;
--------------------------------------------------------
--  Constraints for Table REF_TASK_STATUS
--------------------------------------------------------

  ALTER TABLE "DISERTATIE"."REF_TASK_STATUS" ADD PRIMARY KEY ("ID")
  USING INDEX PCTFREE 10 INITRANS 2 MAXTRANS 255 COMPUTE STATISTICS 
  STORAGE(INITIAL 65536 NEXT 1048576 MINEXTENTS 1 MAXEXTENTS 2147483645
  PCTINCREASE 0 FREELISTS 1 FREELIST GROUPS 1 BUFFER_POOL DEFAULT FLASH_CACHE DEFAULT CELL_FLASH_CACHE DEFAULT)
  TABLESPACE "USERS"  ENABLE;
--------------------------------------------------------
--  Constraints for Table USER_ROLE
--------------------------------------------------------

  ALTER TABLE "DISERTATIE"."USER_ROLE" MODIFY ("ROLE_ID" NOT NULL ENABLE);
  ALTER TABLE "DISERTATIE"."USER_ROLE" MODIFY ("USER_ID" NOT NULL ENABLE);
  ALTER TABLE "DISERTATIE"."USER_ROLE" ADD PRIMARY KEY ("USER_ID", "ROLE_ID")
  USING INDEX PCTFREE 10 INITRANS 2 MAXTRANS 255 COMPUTE STATISTICS 
  STORAGE(INITIAL 65536 NEXT 1048576 MINEXTENTS 1 MAXEXTENTS 2147483645
  PCTINCREASE 0 FREELISTS 1 FREELIST GROUPS 1 BUFFER_POOL DEFAULT FLASH_CACHE DEFAULT CELL_FLASH_CACHE DEFAULT)
  TABLESPACE "USERS"  ENABLE;


--------------------------------------------------------
--  File created - Tuesday-June-11-2019   
--------------------------------------------------------
--------------------------------------------------------
--  DDL for Sequence HIBERNATE_SEQUENCE
--------------------------------------------------------

   CREATE SEQUENCE  "DISERTATIE"."HIBERNATE_SEQUENCE"  MINVALUE 1 MAXVALUE 9999999999999999999999999999 INCREMENT BY 1 START WITH 1 CACHE 20 NOORDER  NOCYCLE ;
--------------------------------------------------------
--  DDL for Sequence ID_TASK_COMM_SEQ
--------------------------------------------------------

   CREATE SEQUENCE  "DISERTATIE"."ID_TASK_COMM_SEQ"  MINVALUE 1 MAXVALUE 999999999999999999999999999 INCREMENT BY 1 START WITH 101 CACHE 20 NOORDER  NOCYCLE ;
--------------------------------------------------------
--  DDL for Sequence ID_TASK_ITER_SEQ
--------------------------------------------------------

   CREATE SEQUENCE  "DISERTATIE"."ID_TASK_ITER_SEQ"  MINVALUE 1 MAXVALUE 999999999999999999999999999 INCREMENT BY 1 START WITH 43 CACHE 20 NOORDER  NOCYCLE ;
--------------------------------------------------------
--  DDL for Sequence ID_TASK_SEQ
--------------------------------------------------------

   CREATE SEQUENCE  "DISERTATIE"."ID_TASK_SEQ"  MINVALUE 1 MAXVALUE 9999999999 INCREMENT BY 1 START WITH 61 CACHE 20 NOORDER  NOCYCLE ;
--------------------------------------------------------
--  DDL for Sequence ID_USER_SEQ
--------------------------------------------------------

   CREATE SEQUENCE  "DISERTATIE"."ID_USER_SEQ"  MINVALUE 1 MAXVALUE 999999999999999999999999999 INCREMENT BY 1 START WITH 145 CACHE 20 NOORDER  NOCYCLE ;
   
   
   --------------------------------------------------------
--  File created - Tuesday-June-11-2019   
--------------------------------------------------------
--------------------------------------------------------
--  DDL for Index APP_ROLE_PK
--------------------------------------------------------

  CREATE UNIQUE INDEX "DISERTATIE"."APP_ROLE_PK" ON "DISERTATIE"."APP_ROLE" ("ROLE_ID") 
  PCTFREE 10 INITRANS 2 MAXTRANS 255 COMPUTE STATISTICS 
  STORAGE(INITIAL 65536 NEXT 1048576 MINEXTENTS 1 MAXEXTENTS 2147483645
  PCTINCREASE 0 FREELISTS 1 FREELIST GROUPS 1 BUFFER_POOL DEFAULT FLASH_CACHE DEFAULT CELL_FLASH_CACHE DEFAULT)
  TABLESPACE "USERS" ;
--------------------------------------------------------
--  DDL for Index APP_ROLE_UK
--------------------------------------------------------

  CREATE UNIQUE INDEX "DISERTATIE"."APP_ROLE_UK" ON "DISERTATIE"."APP_ROLE" ("ROLE_NAME") 
  PCTFREE 10 INITRANS 2 MAXTRANS 255 COMPUTE STATISTICS 
  STORAGE(INITIAL 65536 NEXT 1048576 MINEXTENTS 1 MAXEXTENTS 2147483645
  PCTINCREASE 0 FREELISTS 1 FREELIST GROUPS 1 BUFFER_POOL DEFAULT FLASH_CACHE DEFAULT CELL_FLASH_CACHE DEFAULT)
  TABLESPACE "USERS" ;
--------------------------------------------------------
--  DDL for Index APP_USER_PK
--------------------------------------------------------

  CREATE UNIQUE INDEX "DISERTATIE"."APP_USER_PK" ON "DISERTATIE"."APP_USER" ("ID") 
  PCTFREE 10 INITRANS 2 MAXTRANS 255 COMPUTE STATISTICS 
  STORAGE(INITIAL 65536 NEXT 1048576 MINEXTENTS 1 MAXEXTENTS 2147483645
  PCTINCREASE 0 FREELISTS 1 FREELIST GROUPS 1 BUFFER_POOL DEFAULT FLASH_CACHE DEFAULT CELL_FLASH_CACHE DEFAULT)
  TABLESPACE "USERS" ;
--------------------------------------------------------
--  DDL for Index APP_USER_UK
--------------------------------------------------------

  CREATE UNIQUE INDEX "DISERTATIE"."APP_USER_UK" ON "DISERTATIE"."APP_USER" ("USER_NAME") 
  PCTFREE 10 INITRANS 2 MAXTRANS 255 COMPUTE STATISTICS 
  STORAGE(INITIAL 65536 NEXT 1048576 MINEXTENTS 1 MAXEXTENTS 2147483645
  PCTINCREASE 0 FREELISTS 1 FREELIST GROUPS 1 BUFFER_POOL DEFAULT FLASH_CACHE DEFAULT CELL_FLASH_CACHE DEFAULT)
  TABLESPACE "USERS" ;
--------------------------------------------------------
--  DDL for Index SYS_C007362
--------------------------------------------------------

  CREATE UNIQUE INDEX "DISERTATIE"."SYS_C007362" ON "DISERTATIE"."USER_ROLE" ("USER_ID", "ROLE_ID") 
  PCTFREE 10 INITRANS 2 MAXTRANS 255 COMPUTE STATISTICS 
  STORAGE(INITIAL 65536 NEXT 1048576 MINEXTENTS 1 MAXEXTENTS 2147483645
  PCTINCREASE 0 FREELISTS 1 FREELIST GROUPS 1 BUFFER_POOL DEFAULT FLASH_CACHE DEFAULT CELL_FLASH_CACHE DEFAULT)
  TABLESPACE "USERS" ;
--------------------------------------------------------
--  DDL for Index SYS_C007370
--------------------------------------------------------

  CREATE UNIQUE INDEX "DISERTATIE"."SYS_C007370" ON "DISERTATIE"."DIC_PERSO" ("USER_ID") 
  PCTFREE 10 INITRANS 2 MAXTRANS 255 COMPUTE STATISTICS 
  STORAGE(INITIAL 65536 NEXT 1048576 MINEXTENTS 1 MAXEXTENTS 2147483645
  PCTINCREASE 0 FREELISTS 1 FREELIST GROUPS 1 BUFFER_POOL DEFAULT FLASH_CACHE DEFAULT CELL_FLASH_CACHE DEFAULT)
  TABLESPACE "USERS" ;
--------------------------------------------------------
--  DDL for Index SYS_C007882
--------------------------------------------------------

  CREATE UNIQUE INDEX "DISERTATIE"."SYS_C007882" ON "DISERTATIE"."DEPT" ("ID") 
  PCTFREE 10 INITRANS 2 MAXTRANS 255 COMPUTE STATISTICS 
  STORAGE(INITIAL 65536 NEXT 1048576 MINEXTENTS 1 MAXEXTENTS 2147483645
  PCTINCREASE 0 FREELISTS 1 FREELIST GROUPS 1 BUFFER_POOL DEFAULT FLASH_CACHE DEFAULT CELL_FLASH_CACHE DEFAULT)
  TABLESPACE "USERS" ;
--------------------------------------------------------
--  DDL for Index SYS_C007883
--------------------------------------------------------

  CREATE UNIQUE INDEX "DISERTATIE"."SYS_C007883" ON "DISERTATIE"."DEPT_MANAGER" ("DEPT_ID", "MANAGER_ID") 
  PCTFREE 10 INITRANS 2 MAXTRANS 255 COMPUTE STATISTICS 
  STORAGE(INITIAL 65536 NEXT 1048576 MINEXTENTS 1 MAXEXTENTS 2147483645
  PCTINCREASE 0 FREELISTS 1 FREELIST GROUPS 1 BUFFER_POOL DEFAULT FLASH_CACHE DEFAULT CELL_FLASH_CACHE DEFAULT)
  TABLESPACE "USERS" ;
--------------------------------------------------------
--  DDL for Index SYS_C007965
--------------------------------------------------------

  CREATE UNIQUE INDEX "DISERTATIE"."SYS_C007965" ON "DISERTATIE"."REF_PRIORITY" ("ID") 
  PCTFREE 10 INITRANS 2 MAXTRANS 255 COMPUTE STATISTICS 
  STORAGE(INITIAL 65536 NEXT 1048576 MINEXTENTS 1 MAXEXTENTS 2147483645
  PCTINCREASE 0 FREELISTS 1 FREELIST GROUPS 1 BUFFER_POOL DEFAULT FLASH_CACHE DEFAULT CELL_FLASH_CACHE DEFAULT)
  TABLESPACE "USERS" ;
--------------------------------------------------------
--  DDL for Index SYS_C007967
--------------------------------------------------------

  CREATE UNIQUE INDEX "DISERTATIE"."SYS_C007967" ON "DISERTATIE"."REF_DIFFICULTY" ("ID") 
  PCTFREE 10 INITRANS 2 MAXTRANS 255 COMPUTE STATISTICS 
  STORAGE(INITIAL 65536 NEXT 1048576 MINEXTENTS 1 MAXEXTENTS 2147483645
  PCTINCREASE 0 FREELISTS 1 FREELIST GROUPS 1 BUFFER_POOL DEFAULT FLASH_CACHE DEFAULT CELL_FLASH_CACHE DEFAULT)
  TABLESPACE "USERS" ;
--------------------------------------------------------
--  DDL for Index SYS_C007968
--------------------------------------------------------

  CREATE UNIQUE INDEX "DISERTATIE"."SYS_C007968" ON "DISERTATIE"."DIC_TASK" ("ID") 
  PCTFREE 10 INITRANS 2 MAXTRANS 255 COMPUTE STATISTICS 
  STORAGE(INITIAL 65536 NEXT 1048576 MINEXTENTS 1 MAXEXTENTS 2147483645
  PCTINCREASE 0 FREELISTS 1 FREELIST GROUPS 1 BUFFER_POOL DEFAULT FLASH_CACHE DEFAULT CELL_FLASH_CACHE DEFAULT)
  TABLESPACE "USERS" ;
--------------------------------------------------------
--  DDL for Index SYS_C007979
--------------------------------------------------------

  CREATE UNIQUE INDEX "DISERTATIE"."SYS_C007979" ON "DISERTATIE"."REF_TASK_STATUS" ("ID") 
  PCTFREE 10 INITRANS 2 MAXTRANS 255 COMPUTE STATISTICS 
  STORAGE(INITIAL 65536 NEXT 1048576 MINEXTENTS 1 MAXEXTENTS 2147483645
  PCTINCREASE 0 FREELISTS 1 FREELIST GROUPS 1 BUFFER_POOL DEFAULT FLASH_CACHE DEFAULT CELL_FLASH_CACHE DEFAULT)
  TABLESPACE "USERS" ;
--------------------------------------------------------
--  DDL for Index SYS_C007986
--------------------------------------------------------

  CREATE UNIQUE INDEX "DISERTATIE"."SYS_C007986" ON "DISERTATIE"."REF_TASK_END" ("ID") 
  PCTFREE 10 INITRANS 2 MAXTRANS 255 COMPUTE STATISTICS 
  STORAGE(INITIAL 65536 NEXT 1048576 MINEXTENTS 1 MAXEXTENTS 2147483645
  PCTINCREASE 0 FREELISTS 1 FREELIST GROUPS 1 BUFFER_POOL DEFAULT FLASH_CACHE DEFAULT CELL_FLASH_CACHE DEFAULT)
  TABLESPACE "USERS" ;
--------------------------------------------------------
--  DDL for Index SYS_C007998
--------------------------------------------------------

  CREATE UNIQUE INDEX "DISERTATIE"."SYS_C007998" ON "DISERTATIE"."DIC_TASK_COMMENT" ("ID") 
  PCTFREE 10 INITRANS 2 MAXTRANS 255 COMPUTE STATISTICS 
  STORAGE(INITIAL 65536 NEXT 1048576 MINEXTENTS 1 MAXEXTENTS 2147483645
  PCTINCREASE 0 FREELISTS 1 FREELIST GROUPS 1 BUFFER_POOL DEFAULT FLASH_CACHE DEFAULT CELL_FLASH_CACHE DEFAULT)
  TABLESPACE "USERS" ;
--------------------------------------------------------
--  DDL for Index SYS_C008001
--------------------------------------------------------

  CREATE UNIQUE INDEX "DISERTATIE"."SYS_C008001" ON "DISERTATIE"."DIC_TASK_ITERATION" ("ID") 
  PCTFREE 10 INITRANS 2 MAXTRANS 255 COMPUTE STATISTICS 
  STORAGE(INITIAL 65536 NEXT 1048576 MINEXTENTS 1 MAXEXTENTS 2147483645
  PCTINCREASE 0 FREELISTS 1 FREELIST GROUPS 1 BUFFER_POOL DEFAULT FLASH_CACHE DEFAULT CELL_FLASH_CACHE DEFAULT)
  TABLESPACE "USERS" ;
--------------------------------------------------------
--  DDL for Index SYS_C008003
--------------------------------------------------------

  CREATE UNIQUE INDEX "DISERTATIE"."SYS_C008003" ON "DISERTATIE"."REF_LEVEL" ("LEVEL_ID") 
  PCTFREE 10 INITRANS 2 MAXTRANS 255 COMPUTE STATISTICS 
  STORAGE(INITIAL 65536 NEXT 1048576 MINEXTENTS 1 MAXEXTENTS 2147483645
  PCTINCREASE 0 FREELISTS 1 FREELIST GROUPS 1 BUFFER_POOL DEFAULT FLASH_CACHE DEFAULT CELL_FLASH_CACHE DEFAULT)
  TABLESPACE "USERS" ;
--------------------------------------------------------
--  DDL for Index SYS_C008004
--------------------------------------------------------

  CREATE UNIQUE INDEX "DISERTATIE"."SYS_C008004" ON "DISERTATIE"."DIC_USER_LEVEL" ("PERSO_USER_ID") 
  PCTFREE 10 INITRANS 2 MAXTRANS 255 COMPUTE STATISTICS 
  STORAGE(INITIAL 65536 NEXT 1048576 MINEXTENTS 1 MAXEXTENTS 2147483645
  PCTINCREASE 0 FREELISTS 1 FREELIST GROUPS 1 BUFFER_POOL DEFAULT FLASH_CACHE DEFAULT CELL_FLASH_CACHE DEFAULT)
  TABLESPACE "USERS" ;